Date,Product Name,Price (AED),Discount,Stock Status,Available Qty,Product URL
2025-05-18,"AMD Ryzen 7 9800X3D AM5 Desktop Processor, 8 Cores & 16 Threads, Up to 5.2 GHz Max Boost Clock, Integrated AMD Radeon Graphics, 192GB Max Memory, Dual Channel, 96MB L3 Cache | 100-100001084WOF",1999.00,13% OFF,In Stock,10,https://uae.microless.com/product/amd-ryzen-7-9800x3d-am5-desktop-processor-8-cores-16-threads-up-to-5-2-ghz-max-boost-clock-integrated-amd-radeon-graphics-192gb-max-memory-dual-channel-96mb-l3-cache-100-100001084wof/
2025-05-18,"AMD Ryzen 7 7800X3D AM5 Desktop Processor with AMD Radeon Graphics, 8 Cores & 16 Threads, 5 GHz Max Boost Clock, 8MB L2 & 96MB L3 Cache, DDR5 Memory & 128GB Max Capacity | 100-100000910WOF",1548.75,22% OFF,In Stock,10,https://uae.microless.com/product/amd-ryzen-7-7800x3d-am5-desktop-processor-with-amd-radeon-graphics-8-cores-16-threads-5-ghz-max-boost-clock-8mb-l2-96mb-l3-cache-ddr5-memory-128gb-max-capacity-100-100000910wof/
2025-05-18,"AMD Ryzen 9 9950X AM5 CPU Processor, 16 Cores & 32 Threads, 64MB L3 Cache, Up to 5.7 GHz Max Boost Clock, DDR5 Memory Type, Zen 5 Architecture, AMD Radeon Graphics | 100001277WOF",2310.00,19% OFF,In Stock,10,https://uae.microless.com/product/amd-ryzen-9-9950x-am5-cpu-processor-16-cores-32-threads-64mb-l3-cache-up-to-5-7-ghz-max-boost-clock-ddr5-memory-type-zen-5-architecture-amd-radeon-graphics-100001277wof/
2025-05-18,"AMD Ryzen 7 5700X3D 3GHz AM4 Desktop Processor, 8 Cores & 16 Threads, 4.1 GHz Max Boost Clock, 4MB L2 & 96MB L3 Cache, PCIe 4.0, DDR4-3200 Memory, Zen 3 Architecture | 100-100001503WOF",868.55,19% OFF,,,https://uae.microless.com/product/amd-ryzen-7-5700x3d-3ghz-am4-desktop-processor-8-cores-16-threads-4-1-ghz-max-boost-clock-4mb-l2-100mb-l3-cache-pcie-4-0-ddr4-3200-memory-zen-3-architecture-100-100001503wof/
2025-05-18,"Intel Core i5-14400F 2.5 GHz 10-Core LGA 1700 Processor, 10 Cores & 16 Threads, 20MB Cache, 5 GHz Maximum Turbo Boost, Dual-Channel DDR5-4800 Memory / 192GB Max, Hybrid Core Arc, Tray | 14400F-Tray",483.00,29% OFF,,,https://uae.microless.com/product/intel-core-i5-14400f-2-5-ghz-10-core-lga-1700-processor-10-cores-16-threads-20mb-cache-5-ghz-maximum-turbo-boost-dual-channel-ddr5-4800-memory-192gb-max-hybrid-core-arc-tray-14400f-tray/
2025-05-18,"AMD Ryzen 9 9900X AM5 CPU Processor, 12 Cores & 24 Threads, 5.6 GHz Max Boost Clock, 12MB L2 & 64MB L3 Cache, AMD Radeon Graphics, PCIe 5.0 x16 | 100-100000662WOF",1648.50,16% OFF,In Stock,9,https://uae.microless.com/product/amd-ryzen-9-9900x-am5-cpu-processor-12-cores-24-threads-5-6-ghz-max-boost-clock-12mb-l2-64mb-l3-cache-amd-radeon-graphics-pcie-5-0-x16-100-100000662wof/
2025-05-18,"Intel Core i7-14700KF 3.4 GHz 20-Core LGA 1700 14th Gen Processor, 20 Cores & 28 Threads, 30MB Cache Memory, 5.6GHz MaxTurbo Boost, Dual-Channel DDR5-5600 / 192GB Max Memory | CM8071504820722-Tray",1260.00,25% OFF,In Stock,10,https://uae.microless.com/product/intel-core-i7-14700kf-3-4-ghz-20-core-lga-1700-14th-gen-processor-20-cores-28-threads-30mb-cache-memory-5-6ghz-maxturbo-boost-dual-channel-ddr5-5600-192gb-max-memory-cm8071504820722-tray/
2025-05-18,"Intel Core i9-14900K 3.2 GHz 24-Core LGA 1700 14th Gen Processor, 24 Cores & 32 Threads, 36MB Cache Memory, 6GHz MaxTurbo Boost, Intel UHD Graphics 770, 2CH DDR5 / 192GB Max | BX8071514900KSRN48",1890.00,30% OFF,In Stock,10,https://uae.microless.com/product/intel-core-i9-14900k-3-2-ghz-24-core-lga-1700-14th-gen-processor-24-cores-32-threads-36mb-cache-memory-6ghz-maxturbo-boost-intel-uhd-graphics-770-2ch-ddr5-192gb-max-bx8071514900ksrn48/
2025-05-18,"Intel Core i7-12700K LGA 1700 12th Gen Processor, Dual-Channel DDR5-4800 Memory, 3.6 GHz P-Core Clock Speed, 25MB Cache Memory, Unlocked for Overclocking, Tray | i7-12700K",945.00,26% OFF,,,https://uae.microless.com/product/intel-core-i7-12700k-lga-1700-12th-gen-processor-dual-channel-ddr5-4800-memory-3-6-ghz-p-core-clock-speed-25mb-cache-memory-unlocked-for-overclocking-tray-i7-12700k/
2025-05-18,"AMD Ryzen 5 7600X 4.7 GHz AM5 105W Desktop Processor, 6 Cores & 12 Threads, 5.3 Ghz Max Boost Clock, 32MB L3 Cache, AMD Radeon Graphics, 2CH-DDR5-5200 / 128GB Max, Zen 4 Arc | 100-100000593WOF",735.00,35% OFF,,,https://uae.microless.com/product/amd-ryzen-5-7600x-4-7-ghz-am5-105w-desktop-processor-6-cores-12-threads-5-3-ghz-max-boost-clock-32mb-l3-cache-amd-radeon-graphics-2ch-ddr5-5200-128gb-max-zen-4-arc-100-100000593wof/
2025-05-18,"Intel Core Ultra 9 285K 3.7 GHz LGA 1851 Processor, Intel Graphics, 24-Cores & 24-Threads, 40 MB Cache, 5.7 GHz Max Turbo Frequency, Dual Channel DDR5 Memory, 192GB Max Memory Size | BX80768285K",2449.00,22% OFF,In Stock,10,https://uae.microless.com/product/intel-core-ultra-9-285k-3-7-ghz-lga-1851-processor-intel-graphics-24-cores-24-threads-40-mb-cache-5-7-ghz-max-turbo-frequency-dual-channel-ddr5-memory-192gb-max-memory-size-bx80768285k/
2025-05-18,"Intel Core i7-14700K 3.4 GHz 20-Core LGA 1700 14th Gen Processor, 20 Cores & 28 Threads, 30MB Cache Memory, 5.6GHz MaxTurbo Boost, Intel UHD Graphics 770, 2CH DDR5 / 192GB Max | BX8071514700KSRN3X",1417.50,10% OFF,In Stock,10,https://uae.microless.com/product/intel-core-i7-14700k-3-4-ghz-20-core-lga-1700-14th-gen-processor-20-cores-28-threads-30mb-cache-memory-5-6ghz-maxturbo-boost-intel-uhd-graphics-770-2ch-ddr5-192gb-max-bx8071514700ksrn3x/
2025-05-18,"Intel Core i9 14900K 3.2GHz 24-Core LGA 1700 14th Gen Processor, 32 Threads, 36MB Cache Memory, 6GHz Max Turbo Frequency, Intel UHD Graphics 770, 2CH DDR5-5600 / 192GB Max | CM8071505094017",1837.50,16% OFF,In Stock,10,https://uae.microless.com/product/intel-core-i9-14900k-3-2ghz-24-core-lga-1700-14th-gen-processor-32-threads-36mb-cache-memory-6ghz-max-turbo-frequency-intel-uhd-graphics-770-2ch-ddr5-5600-192gb-max-cm8071505094017/
2025-05-18,"Intel Core i9 14900KF 3.2GHz 24-Core LGA 1700 14th Gen Processor, 24 Cores & 32 Threads, 36MB Cache Memory, 6GHz MaxTurbo Frequency, Dual-CH DDR5-5600 Memory / 192GB Max | i9-14900KF Tray",1680.00,21% OFF,In Stock,10,https://uae.microless.com/product/intel-core-i9-14900kf-3-2ghz-24-core-lga-1700-14th-gen-processor-24-cores-32-threads-36mb-cache-memory-6ghz-maxturbo-frequency-dual-ch-ddr5-5600-memory-192gb-max-i9-14900kf-tray/
2025-05-18,"Intel Core i7-14700KF 3.4 GHz 20-Core LGA 1700 14th Gen Processor, 20 Cores & 28 Threads, 30MB Cache Memory, 5.6GHz MaxTurbo Boost, Dual-Channel DDR5-5600 / 192GB Max Memory | BX8071514700KFSRN3Y",1378.00,,In Stock,10,https://uae.microless.com/product/intel-core-i7-14700kf-3-4-ghz-20-core-lga-1700-14th-gen-processor-20-cores-28-threads-30mb-cache-memory-5-6ghz-maxturbo-boost-dual-channel-ddr5-5600-192gb-max-memory-bx8071514700kfsrn3y/
2025-05-18,"AMD Ryzen 7 8700F AM5 CPU Processor, 8 Cores & 16 Threads, 5 GHz Max Boost Clock, 8MB L2 & 16MB L3 Cache, Zen 4 Architecture, DDR5-5200 Memory, Includes Wraith Stealth Cooler | 100-100001590BOX",945.00,12% OFF,,,https://uae.microless.com/product/amd-ryzen-7-8700f-am5-cpu-processor-8-cores-16-threads-5-ghz-max-boost-clock-8mb-l2-16mb-l3-cache-zen-4-architecture-ddr5-5200-memory-includes-wraith-stealth-cooler-100-100001590box/
2025-05-18,"AMD Ryzen 7 9700X AM5 CPU Processor, 8 Cores & 16 Threads, 5.5 GHz Max Boost Clock, 8MB L2 & 32MB L3 Cache, AMD Radeon Graphics, DDR5-5600 ECC, Zen 5 Architecture, PCIe 5.0 x16 | 100-100001404WOF",1317.75,16% OFF,In Stock,10,https://uae.microless.com/product/amd-ryzen-7-9700x-am5-cpu-processor-8-cores-16-threads-5-5-ghz-max-boost-clock-8mb-l2-32mb-l3-cache-amd-radeon-graphics-ddr5-5600-ecc-zen-5-architecture-pcie-5-0-x16-100-100001404wof/
2025-05-18,"AMD Ryzen 7 7700X 4.5 GHz AM5 105W Desktop Processor, 8 Cores & 16 Threads, 5.4 GHz Max Boost Clock, 32MB L3 Cache, AMD Radeon Graphics, 2CH-DDR5-5200 / 128GB Max, Zen 4 Arc | 100-100000591WOF",1130.00,21% OFF,In Stock,2,https://uae.microless.com/product/amd-ryzen-7-7700x-4-5-ghz-am5-105w-desktop-processor-8-cores-16-threads-5-4-ghz-max-boost-clock-32mb-l3-cache-amd-radeon-graphics-2ch-ddr5-5200-128gb-max-zen-4-arc-100-100000591wof/
2025-05-18,"Intel Core i5-14600KF 3.5 GHz 14-Core LGA 1700 14th Gen Processor, 14 Cores & 20 Threads, 24MB Cache Memory, 5.3GHz MaxTurbo Boost, Dual-Channel DDR5-5600 / 192GB Max Memory | BX8071514600KFSRN42",861.00,37% OFF,,,https://uae.microless.com/product/intel-core-i5-14600kf-3-5-ghz-14-core-lga-1700-14th-gen-processor-14-cores-20-threads-24mb-cache-memory-5-3ghz-maxturbo-boost-dual-channel-ddr5-5600-192gb-max-memory-bx8071514600kfsrn42/
2025-05-18,"AMD Ryzen Threadripper 7980X 3.2GHz sTR5 Processor, 64 Cores & 128 Threads, 5.1GHz Max Turbo Frequency, 256MB L3 Cache, 4CH-DDR5-5200 ECC Memory Max. 1TB, AMD Zen 4 Arc | 100-100001350WOF",18498.90,10% OFF,In Stock,10,https://uae.microless.com/product/amd-ryzen-threadripper-7980x-3-2ghz-str5-processor-64-cores-128-threads-5-1ghz-max-turbo-frequency-256mb-l3-cache-4ch-ddr5-5200-ecc-memory-max-1tb-amd-zen-4-arc-100-100001350wof/
2025-05-18,"Intel Core i5-14600K 3.5 GHz 14-Core LGA 1700 14th Gen Processor, 14 Cores & 20 Threads, 24MB Cache Memory, 5.3GHz MaxTurbo Boost, Intel UHD Graphics 770, 2CH DDR5 / 192GB Max | BX8071514600KSRN43",1050.00,19% OFF,In Stock,10,https://uae.microless.com/product/intel-core-i5-14600k-3-5-ghz-14-core-lga-1700-14th-gen-processor-14-cores-20-threads-24mb-cache-memory-5-3ghz-maxturbo-boost-intel-uhd-graphics-770-2ch-ddr5-192gb-max-bx8071514600ksrn43/
2025-05-18,"AMD Ryzen 5 8400F AM5 Desktop Processor, 6 Cores & 12 Threads, 4.7 GHz Max Boost Clock, 6MB L2 & 16MB L3 Cache, DDR5-5200 Memory, Zen 4 Architecture, Includes Wraith Stealth Cooler | 100-100001591BOX",540.75,21% OFF,,,https://uae.microless.com/product/amd-ryzen-5-8400f-am5-desktop-processor-6-cores-12-threads-4-7-ghz-max-boost-clock-6mb-l2-16mb-l3-cache-ddr5-5200-memory-zen-4-architecture-includes-wraith-stealth-cooler-100-100001591box/
2025-05-18,"AMD Ryzen 5 5500 Desktop Processor, Socket AM4, 6 Core Up to 4.2GHz, 7nm, 12 Threads, 19MB Cache, 65W Thermal Design Power, DDR4 Memory Type, PCIe 3.0 Connectivity | 100-100000457BOX",336.00,46% OFF,,,https://uae.microless.com/product/amd-ryzen-5-5500-desktop-processor-socket-am4-6-core-up-to-4-2ghz-7nm-12-threads-19mb-cache-65w-thermal-design-power-ddr4-memory-type-pcie-3-0-connectivity-100-100000457box/
2025-05-18,"SpectraX Bundle - AMD Ryzen 7 9800X3D AM5 Desktop Processor, 8 Cores & 16 Threads, Up to 5.2 GHz Max Boost Clock + ASUS ROG CROSSHAIR X870E HERO, AMD AM5 Motherboard",4598.00,17% OFF,In Stock,10,https://uae.microless.com/product/spectrax-bundle-amd-ryzen-7-9800x3d-am5-desktop-processor-8-cores-16-threads-up-to-5-2-ghz-max-boost-clock-asus-rog-crosshair-x870e-hero-amd-am5-motherboard/
2025-05-18,"AMD Ryzen Threadripper PRO 7995WX 2.5 GHz sTR5 Processor, 96 Cores & 192 Threads, 5.1GHz Max Turbo Frequency, 384MB L3 Cache, 8-CH DDR5 ECC Memory, Up to 5200MT/s, Zen 4 Arc | 100-100000884WOF",41185.00,5% OFF,In Stock,10,https://uae.microless.com/product/amd-ryzen-threadripper-pro-7995wx-2-5-ghz-str5-processor-96-cores-192-threads-5-1ghz-max-turbo-frequency-384mb-l3-cache-8-ch-ddr5-ecc-memory-up-to-5200mt-s-zen-4-arc-100-100000884wof/
2025-05-18,"Intel Core Ultra 7 265KF 3.9 GHz LGA 1851 Processor, 20-Cores & 20-Threads, 36 MB Cache, 5.5 GHz Max Turbo Frequency, Dual Channel DDR5 Memory, 192GB Max Memory Size | BX80768265KF",1365.00,16% OFF,In Stock,10,https://uae.microless.com/product/intel-core-ultra-7-265kf-3-9-ghz-lga-1851-processor-20-cores-20-threads-36-mb-cache-5-5-ghz-max-turbo-frequency-dual-channel-ddr5-memory-192gb-max-memory-size-bx80768265kf/
2025-05-18,"AMD Ryzen 5 5600G Cezanne 6-Core Desktop Processor, 3.9 GHz Socket, AM4, 65W, AMD Radeon Graphics | 100-100000252BOX",598.46,21% OFF,,,https://uae.microless.com/product/amd-ryzen-5-5600g-cezanne-6-core-desktop-processor-3-9-ghz-socket-am4-65w-amd-radeon-graphics-100-100000252box/
2025-05-18,"AMD Ryzen 9 9900X3D AM5 Desktop Processor, 12 Core & 24 Threads, Up to 5.5 GHz Boost Clock, AMD Radeon Graphics, 192GB Max Memory, Dual Channel, Black | 100-100001368WOF",2799.00,,In Stock,8,https://uae.microless.com/product/amd-ryzen-9-9900x3d-am5-desktop-processor-12-core-24-threads-up-to-5-5-ghz-boost-clock-amd-radeon-graphics-192gb-max-memory-dual-channel-black-100-100001368wof/
2025-05-18,"AMD Ryzen 5 8600G 4.3GHz AM5 Desktop Processor, 6 Cores & 12 Threads, 5GHz Max Boost Clock, 6MB L2 & 16MB L3 Cache, AMD Radeon 760M, Dual CH DDR5-5200 Slots 256 GB Max Memory | 100-100001237BOX",787.50,15% OFF,,,https://uae.microless.com/product/amd-ryzen-5-8600g-4-3-ghz-am5-processor-6-cores-12-threads-5-ghz-max-boost-clock-6mb-l2-16mb-l3-cache-dual-ch-ddr5-5200-slots-256-gb-max-memory-amd-radeon-760m-100-100001237box/
2025-05-18,"AMD Ryzen 5 5600 3.5 GHz AM4 Desktop Processor, 6 Cores & 12 Threads, 4.4 GHz Max Boost Clock, 35MB Cache Memory, Dual Channel DDR4-3200 Memory, Precision Boost 2 | 100-100000927BOX",489.00,27% OFF,,,https://uae.microless.com/product/amd-ryzen-5-5600-3-5-ghz-am4-desktop-processor-6-cores-12-threads-4-4-ghz-max-boost-clock-35mb-cache-memory-dual-channel-ddr4-3200-memory-precision-boost-2-100-100000927box/
2025-05-18,"AMD Ryzen Threadripper 7970X 4GHz sTR5 Processor, 32 Cores & 64 Threads, 5.3GHz Max Turbo Frequency, 128MB L3 Cache, 4CH-DDR5-5200 ECC Memory Max. 1TB, AMD Zen 4 Arc | 100-100001351WOF",9817.50,13% OFF,In Stock,10,https://uae.microless.com/product/amd-ryzen-threadripper-7970x-4ghz-str5-processor-32-cores-64-threads-5-3ghz-max-turbo-frequency-128mb-l3-cache-4ch-ddr5-5200-ecc-memory-max-1tb-amd-zen-4-arc-100-100001351wof/
2025-05-18,"AMD Ryzen Threadripper PRO 7975WX 4 GHz sTR5 Processor, 32 Cores & 64 Threads, 5.3GHz Max Turbo Frequency, 128MB L3 Cache, 8-CH DDR5 ECC Memory, Up to 5200MT/s, Zen 4 Arc | 100-100000453WOF",16275.00,,In Stock,10,https://uae.microless.com/product/amd-ryzen-threadripper-pro-7975wx-4-ghz-str5-processor-32-cores-64-threads-5-3ghz-max-turbo-frequency-128mb-l3-cache-8-ch-ddr5-ecc-memory-up-to-5200mt-s-zen-4-arc-100-100000453wof/
2025-05-18,"Intel Core Ultra 5 225F LGA 1851 Processor, 10 Cores & 10 Threads, 20MB Cache Memory, 4.9 GHz Maximum Turbo Boost Frequency, Dual-Channel DDR5 Memory, 256GB Max Memory Size | BX80768225F",966.00,9% OFF,,,https://uae.microless.com/product/intel-core-ultra-5-225f-lga-1851-processor-10-cores-10-threads-20mb-cache-memory-4-9-ghz-maximum-turbo-boost-frequency-dual-channel-ddr5-memory-256gb-max-memory-size-bx80768225f/
2025-05-18,"Intel Core i9 14900KF 3.2GHz 24-Core LGA 1700 14th Gen Processor, 24 Cores & 32 Threads, 36MB Cache Memory, 6GHz MaxTurbo Frequency, Dual-CH DDR5-5600 Memory / 192GB Max | BX8071514900KF",1788.00,28% OFF,In Stock,10,https://uae.microless.com/product/intel-core-i9-14900kf-3-2ghz-24-core-lga-1700-14th-gen-processor-24-cores-32-threads-36mb-cache-memory-6ghz-maxturbo-frequency-dual-ch-ddr5-5600-memory-192gb-max-bx8071514900kf/
2025-05-18,"AMD Ryzen 9 7900X 4.7 GHz AM5 170W Desktop Processor, 12 Cores & 24 Threads, 5.6 GHz Max Boost Clock, 64MB L3 Cache, AMD Radeon Graphics, 2CH-DDR5-5200 / 128GB Max, Zen 4 Arc | 100-100000589WOF",1399.00,21% OFF,In Stock,10,https://uae.microless.com/product/amd-ryzen-9-7900x-4-7-ghz-am5-170w-desktop-processor-12-cores-24-threads-5-6-ghz-max-boost-clock-64mb-l3-cache-amd-radeon-graphics-2ch-ddr5-5200-128gb-max-zen-4-arc-100-100000589wof/
2025-05-18,"Carbon Elite Bundle - AMD Ryzen 7 9800X3D AM5 Desktop Processor, 8 Cores & 16 Threads, Up to 5.2 GHz Max Boost Clock + MSI MPG X870E Carbon Wi-Fi AM5 ATX Motherboard",4119.00,8% OFF,In Stock,10,https://uae.microless.com/product/carbon-elite-bundle-amd-ryzen-7-9800x3d-am5-desktop-processor-8-cores-16-threads-up-to-5-2-ghz-max-boost-clock-msi-mpg-x870e-carbon-wi-fi-am5-atx-motherboard/
2025-05-18,"AMD Ryzen Threadripper 7960X 4.2GHz sTR5 Processor, 24 Cores & 48 Threads, 5.3GHz Max Turbo Frequency, 128MB L3 Cache, 4CH-DDR5-5200 ECC Memory Max. 1TB, AMD Zen 4 Arc | 100-100001352WOF",6196.52,2% OFF,In Stock,10,https://uae.microless.com/product/amd-ryzen-threadripper-7960x-4-2ghz-str5-processor-24-cores-48-threads-5-3ghz-max-turbo-frequency-128mb-l3-cache-4ch-ddr5-5200-ecc-memory-max-1tb-amd-zen-4-arc-100-100001352wof/
2025-05-18,"AMD Ryzen Threadripper PRO 7985WX 3.2 GHz sTR5 Processor, 64 Cores & 128 Threads, 5.1GHz Max Turbo Frequency, 256MB L3 Cache, 8-CH DDR5 ECC Memory, Up to 5200MT/s, Zen 4 Arc | 100-100000454WOF",30887.04,,In Stock,10,https://uae.microless.com/product/amd-ryzen-threadripper-pro-7985wx-3-2-ghz-str5-processor-64-cores-128-threads-5-1ghz-max-turbo-frequency-256mb-l3-cache-8-ch-ddr5-ecc-memory-up-to-5200mt-s-zen-4-arc-100-100000454wof/
2025-05-18,"AMD Ryzen 7 5700X Desktop Processor, Socket AM4, 8 Cores 4.6 GHz, 7nm, 16 Threads, 36MB Cache, 65W Thermal Design Power, DDR4 Memory Type, Supports PCIe 4.0 x16 | 100-100000926WOF",661.50,28% OFF,,,https://uae.microless.com/product/amd-ryzen-7-5700x-desktop-processor-socket-am4-8-cores-4-6-ghz-7nm-16-threads-36mb-cache-65w-thermal-design-power-ddr4-memory-type-supports-pcie-4-0-x16-100-100000926wof/
2025-05-18,"Intel Core i5-14400 2.5 GHz 10-Core LGA 1700 Processor, Intel UHD Graphics 730, 10 Cores & 16 Threads, 20MB Cache, 5 GHz Maximum Turbo Boost, Dual CH. DDR5-4800 / 192GB Max | BX8071514400SRN46",892.50,8% OFF,,,https://uae.microless.com/product/intel-core-i5-14400-2-5-ghz-10-core-lga-1700-processor-intel-uhd-graphics-730-10-cores-16-threads-20mb-cache-5-ghz-maximum-turbo-boost-dual-ch-ddr5-4800-192gb-max-bx8071514400srn46/
2025-05-18,"AMD EPYC 9754 Processor Kit, 128 CPU Cores, 256 Threads, SP5 CPU Socket, 256MB L3 Cache, Up to 3.1GHz Boost Clock, 360W TDW, DDR5 Memory Type, PCIe 5.0 x128 | 100-000001234",31500.00,,In Stock,10,https://uae.microless.com/product/amd-epyc-9754-processor-kit-128-cpu-cores-256-threads-sp5-cpu-socket-256mb-l3-cache-up-to-3-1ghz-boost-clock-360w-tdw-ddr5-memory-type-pcie-5-0-x128-100-000001234/
2025-05-18,Intel Core i5-12400F 12th Gen Alder Lake Desktop Processor 6 Total Cores 12 Threads 18 MB Cache 2 5 GHz Base Frequency LGA 1700 Socket 65W Power 128 GB Max Memory Size Tray i5-12400F Tray,419.24,39% OFF,,,https://uae.microless.com/product/intel-core-i5-12400f-12th-gen-alder-lake-desktop-processor-6-total-cores-12-threads-18-mb-cache-2-5-ghz-base-frequency-lga-1700-socket-65w-power-128-gb-max-memory-size-tray-i5-12400f-tray/
2025-05-18,"Intel Core i9-14900KS Special Edition 3.2 GHz LGA 1700 Desktop Processor, 24 Cores & 32 Threads, 5.9 GHz Max Turbo Boost Frequency, Intel UHD 770 Graphics, 2* DDR5 & 192GB Max Memory | BX8071514900KS",2887.50,4% OFF,In Stock,10,https://uae.microless.com/product/intel-core-i9-14900ks-special-edition-3-2-ghz-lga-1700-desktop-processor-24-cores-32-threads-5-9-ghz-max-turbo-boost-frequency-intel-uhd-770-graphics-2-ddr5-192gb-max-memory-bx8071514900ks/
2025-05-18,"Intel Core i7-14700 2.1GHz LGA1700 Desktop Processor, 20 Core & 28 Threads, 5.4 GHz Max Turbo Boost, 33MB Cache, Integrated Intel UHD Graphics 770, 2CH DDR5 Memory / 192GB Max | BX8071514700SRN40",1365.00,11% OFF,In Stock,10,https://uae.microless.com/product/intel-core-i7-14700-2-1ghz-lga1700-desktop-processor-20-core-28-threads-5-4-ghz-max-turbo-boost-33mb-cache-integrated-intel-uhd-graphics-770-2ch-ddr5-memory-192gb-max-bx8071514700srn40/
2025-05-18,"Intel Core i7-14700F 2.1GHz LGA 1700 Desktop Processor, 20 Cores & 28 Threads, 5.4 GHz Max Turbo Boost, 33MB Cache, Dual-CH DDR5-5600 ECC Memory / 192GB Max, Hybrid Core Arch | BX8071514700FSRN3Z",1290.00,17% OFF,In Stock,10,https://uae.microless.com/product/intel-core-i7-14700f-2-1ghz-lga-1700-desktop-processor-20-cores-28-threads-5-4-ghz-max-turbo-boost-33mb-cache-dual-ch-ddr5-5600-ecc-memory-192gb-max-hybrid-core-arch-bx8071514700fsrn3z/
2025-05-18,"Intel Core i7-13700KF 3.4GHz Processor, 13th Gen LGA1700, 16 Cores, 24 Threads, 30M Cache, 128 GB Max Memory, 5.4GHz Max Turbo Freq, 2 Channel DDR5-5600, 3.4GHz P-Core Clock Speed | BX8071513700KF",1259.50,33% OFF,In Stock,10,https://uae.microless.com/product/intel-core-i7-13700kf-3-4ghz-processor-13th-gen-lga1700-16-cores-24-threads-30m-cache-128-gb-max-memory-5-4ghz-max-turbo-freq-2-channel-ddr5-5600-3-4ghz-p-core-clock-speed-bx8071513700kf/
2025-05-18,"AMD EPYC 9965 Processor, 192-Cores & 384-Threads, 384 MB Cache, SP5 CPU Socket, Up to 3.7 GHz Max Boost Clock, 500W TDP, DDR5 Memory Type, PCIe 5.0 x128 | 100-000000976",75600.00,,In Stock,10,https://uae.microless.com/product/amd-epyc-9965-processor-192-cores-384-threads-384-mb-cache-sp5-cpu-socket-up-to-3-7-ghz-max-boost-clock-500w-tdp-ddr5-memory-type-pcie-5-0-x128-100-000000976/
2025-05-18,"AMD EPYC 9755 Processor, 128-Cores & 256-Threads, 512 MB Cache, SP5 CPU Socket, Up to 4.1 GHz Max Boost Clock, 500W TDP, DDR5 Memory Type, PCIe 5.0 x128 | 100-000001443",56700.00,,In Stock,10,https://uae.microless.com/product/amd-epyc-9755-processor-128-cores-256-threads-512-mb-cache-sp5-cpu-socket-up-to-4-1-ghz-max-boost-clock-500w-tdp-ddr5-memory-type-pcie-5-0-x128-100-000001443/
2025-05-18,"AMD EPYC 9555 Processor, 64-Cores & 128-Threads, 256 MB Cache, SP5 CPU Socket, Up to 4.4 GHz Max Boost Clock, 360W TDP, DDR5 Memory Type, PCIe 5.0 x128 | 100-000001142",40320.00,,In Stock,10,https://uae.microless.com/product/amd-epyc-9555-processor-64-cores-128-threads-256-mb-cache-sp5-cpu-socket-up-to-4-4-ghz-max-boost-clock-360w-tdp-ddr5-memory-type-pcie-5-0-x128-100-000001142/
2025-05-18,"AMD EPYC 9535 Processor, 64-Cores & 128-Threads, 256 MB Cache, SP5 CPU Socket, Up to 4.3 GHz Max Boost Clock, 300W TDP, DDR5 Memory Type, PCIe 5.0 x128 | 100-000001147",35910.00,,In Stock,10,https://uae.microless.com/product/amd-epyc-9535-processor-64-cores-128-threads-256-mb-cache-sp5-cpu-socket-up-to-4-3-ghz-max-boost-clock-300w-tdp-ddr5-memory-type-pcie-5-0-x128-100-000001147/
2025-05-18,"AMD EPYC 9655 Processor, 96-Cores & 192-Threads, 384 MB Cache, SP5 CPU Socket, Up to 4.5 GHz Max Boost Clock, 400W TDP, DDR5 Memory Type, PCIe 5.0 x128 | 100-000000674",48006.00,,In Stock,10,https://uae.microless.com/product/amd-epyc-9655-processor-96-cores-192-threads-384-mb-cache-sp5-cpu-socket-up-to-4-5-ghz-max-boost-clock-400w-tdp-ddr5-memory-type-pcie-5-0-x128-100-000000674/
2025-05-18,"AMD EPYC 9575F Processor, 64-Cores & 128-Threads, 256 MB Cache, SP5 CPU Socket, Up to 5 GHz Max Boost Clock, 400W TDP, DDR5 Memory Type, PCIe 5.0 x128 | 100-000001554",45990.00,,In Stock,10,https://uae.microless.com/product/amd-epyc-9575f-processor-64-cores-128-threads-256-mb-cache-sp5-cpu-socket-up-to-5-ghz-max-boost-clock-400w-tdp-ddr5-memory-type-pcie-5-0-x128-100-000001554/
2025-05-18,"Intel Core Ultra 7 265 LGA 1851 Processor, 20 Cores & 20 Threads, 30MB Cache Memory, 5.3 GHz Max Turbo Frequency, Integrated Intel Graphics, Dual-Channel DDR5 Memory, 256 GB Max Memory | BX80768265",1354.50,,In Stock,10,https://uae.microless.com/product/intel-core-ultra-7-265-lga-1851-processor-20-cores-20-threads-30mb-cache-memory-5-3-ghz-max-turbo-frequency-integrated-intel-graphics-dual-channel-ddr5-memory-256-gb-max-memory-bx80768265/
2025-05-18,"Intel Core Ultra 7 265F LGA 1851 Processor, 20 Cores & 20 Threads, 30MB Cache Memory, 5.3 GHz Max Turbo Frequency, Dual-Channel DDR5 Memory, 256 GB Max Memory Size | BX80768265F",1333.50,,In Stock,10,https://uae.microless.com/product/intel-core-ultra-7-265f-lga-1851-processor-20-cores-20-threads-30mb-cache-memory-5-3-ghz-max-turbo-frequency-dual-channel-ddr5-memory-256-gb-max-memory-size-bx80768265f/
2025-05-18,"Intel Core Xeon W9-3595X 2 GHz Processor, 60-Cores & 120-Threads, 112.5 MB Cache, 4.8 GHz Max Turbo Frequency, DDR5 Memory Type, 4 TB Max Memory Size, Tray | PK8071305501100",49350.00,,In Stock,10,https://uae.microless.com/product/intel-core-xeon-w9-3595x-2-ghz-processor-60-cores-120-threads-112-5-mb-cache-4-8-ghz-max-turbo-frequency-ddr5-memory-type-4-tb-max-memory-size-tray-pk8071305501100/
2025-05-18,"Intel Xeon Silver 4314 Processor, 16 Cores & 32 Threads, 24MB Cache Memory, 3.40GHz MaxTurbo Frequency, Up to 6TB Memory Size, 8 Max Memory Channel | FC-LGA16A",3280.00,,In Stock,10,https://uae.microless.com/product/intel-xeon-silver-4314-processor-16-cores-32-threads-24mb-cache-memory-3-40ghz-maxturbo-frequency-up-to-6tb-memory-size-8-max-memory-channel-fc-lga16a/
2025-05-18,"Vortex X Bundle - AMD Ryzen 7 9800X3D AM5 Desktop Processor, 8 Cores & 16 Threads, Up to 5.2 GHz Max Boost Clock + GIGABYTE X870E AORUS MASTER ATX Motherboard",4130.50,10% OFF,In Stock,10,https://uae.microless.com/product/vortex-x-bundle-amd-ryzen-7-9800x3d-am5-desktop-processor-8-cores-16-threads-up-to-5-2-ghz-max-boost-clock-gigabyte-x870e-aorus-master-atx-motherboard/
2025-05-18,"Intel Core Ultra 7 265KF 3.9 GHz LGA 1851 Processor, 20-Cores & 20-Threads, 36 MB Cache, 5.5 GHz Max Turbo Frequency, Dual Channel DDR5 Memory, 192GB Max Memory Size, Tray | AT8076806410",1821.75,,In Stock,10,https://uae.microless.com/product/intel-core-ultra-7-265kf-3-9-ghz-lga-1851-processor-20-cores-20-threads-36-mb-cache-5-5-ghz-max-turbo-frequency-dual-channel-ddr5-memory-192gb-max-memory-size-tray-at8076806410/
2025-05-18,"Intel Core Ultra 5 245KF 4.2 GHz LGA 1851 Processor, 14-Cores & 14-Threads, 26 MB Cache, 5.2 GHz Max Turbo Frequency, Dual Channel DDR5 Memory, 192GB Max Memory Size, Tray | AT8076806414",1344.00,2% OFF,In Stock,10,https://uae.microless.com/product/intel-core-ultra-5-245kf-4-2-ghz-lga-1851-processor-14-cores-14-threads-26-mb-cache-5-2-ghz-max-turbo-frequency-dual-channel-ddr5-memory-192gb-max-memory-size-at8076806414/
2025-05-18,"Intel Core Ultra 5 245K 4.2 GHz LGA 1851 Processor, Intel Graphics, 14-Cores & 14-Threads, 26 MB Cache, 5.2 GHz Max Turbo Frequency, Dual Channel DDR5, 192GB Max Memory Size, Tray | AT807680640F",1443.75,,In Stock,10,https://uae.microless.com/product/intel-core-ultra-5-245k-4-2-ghz-lga-1851-processor-intel-graphics-14-cores-14-threads-26-mb-cache-5-2-ghz-max-turbo-frequency-dual-channel-ddr5-192gb-max-memory-size-tray-at807680640f/
2025-05-18,"Intel Core Ultra 5 245KF 4.2 GHz LGA 1851 Processor, 14-Cores & 14-Threads, 26 MB Cache, 5.2 GHz Max Turbo Frequency, Dual Channel DDR5 Memory, 192GB Max Memory Size | BX80768245KF",1239.00,6% OFF,In Stock,10,https://uae.microless.com/product/intel-core-ultra-5-245kf-4-2-ghz-lga-1851-processor-14-cores-14-threads-26-mb-cache-5-2-ghz-max-turbo-frequency-dual-channel-ddr5-memory-192gb-max-memory-size-bx80768245kf/
2025-05-18,"Intel Core Ultra 5 245K 4.2 GHz LGA 1851 Processor, Intel Graphics, 14-Cores & 14-Threads, 26 MB Cache, 5.2 GHz Max Turbo Frequency, Dual Channel DDR5 Memory, 192GB Max Memory Size | BX80768245K",1312.50,2% OFF,In Stock,10,https://uae.microless.com/product/intel-core-ultra-5-245k-4-2-ghz-lga-1851-processor-intel-graphics-14-cores-14-threads-26-mb-cache-5-2-ghz-max-turbo-frequency-dual-channel-ddr5-memory-192gb-max-memory-size-bx80768245k/
2025-05-18,"AMD Ryzen 7 5800XT AM4 CPU Processor, 8 Cores & 16 Threads, 4.8 GHz Max Boost Clock, 4MB L2 & 32MB L3 Cache, DDR4-3200 Memory, Wraith Prism Cooler, Zen 3, PCIe 4.0 x16 | 100-100001582BOX",840.00,20% OFF,,,https://uae.microless.com/product/amd-ryzen-7-5800xt-am4-cpu-processor-8-cores-16-threads-4-8-ghz-max-boost-clock-4mb-l2-32mb-l3-cache-ddr4-3200-memory-wraith-prism-cooler-zen-3-pcie-4-0-x16-100-100001582box/
2025-05-18,"AMD Ryzen 9 5900XT AM4 CPU Processor, 16 Cores & 32 Threads, 4.8 GHz Max Boost Clock, 8MB L2 & 64MB L3 Cache, DDR4-3200 Memory, Zen 3 Architecture, PCIe 4.0 x16 | 100-100001581WOF",1396.50,8% OFF,In Stock,10,https://uae.microless.com/product/amd-ryzen-9-5900xt-am4-cpu-processor-16-cores-32-threads-4-8-ghz-max-boost-clock-8mb-l2-64mb-l3-cache-ddr4-3200-memory-zen-3-architecture-pcie-4-0-x16-100-100001581wof/
2025-05-18,"AMD Ryzen 5 8500G AM5 CPU Processor, 6 Cores & 12 Threads, Up to 5 GHz Max Boost Clock, 6MB L2 & 16MB L3 Cache, DDR5 Memory, AMD Radeon 740M Graphics, Wraith Stealth Cooler | 100000931BOX",662.43,,,,https://uae.microless.com/product/amd-ryzen-5-8500g-am5-cpu-processor-6-cores-12-threads-up-to-5-ghz-max-boost-clock-6mb-l2-16mb-l3-cache-ddr5-memory-amd-radeon-740m-graphics-wraith-stealth-cooler-100000931box/
2025-05-18,"Intel Xeon Platinum 5th Gen 8580 2 0 GHz Processor, 60 Cores 120 Threads, Socket 4677 Up to 4 0 GHz Max Turbo Speed, 300 MB Cache, 8CH DDR5 - 5600 with 4TB Max Memory PK8072205512000S RN57",48300.00,,In Stock,10,https://uae.microless.com/product/intel-xeon-platinum-5th-gen-8580-2-0-ghz-processor-60-cores-120-threads-up-to-4-0-ghz-max-turbo-speed-300-mb-cache-8ch-ddr5-5600-with-4tb-max-memory/
2025-05-18,"MSI Mega Bundle - MSI MEG Z790 Ace Max WIFI 7 LGA 1700 E-ATX Intel Motherboard, Intel Core i9-14900K 3.2 GHz 24-Core LGA 1700 14th Gen Processor, MSI MEG Coreliquid S360 CPU Liquid Cooler",5527.15,13% OFF,In Stock,10,https://uae.microless.com/product/msi-mega-bundle-msi-meg-z790-ace-max-wifi-7-lga-1700-e-atx-intel-motherboard-intel-core-i9-14900k-3-2-ghz-24-core-lga-1700-14th-gen-processor-msi-meg-coreliquid-s360-cpu-liquid-cooler/
2025-05-18,"Ultimate Bundle MSI MEG Godlike - MSI MEG Z790 Godlike Max LGA 1700 E-ATX Intel Motherboard + Intel Core i9-14900K 3.2 GHz LGA 1700 14th Gen Processor, 24 Cores & 32 Threads",6195.00,13% OFF,In Stock,10,https://uae.microless.com/product/ultimate-bundle-msi-meg-godlike-msi-meg-z790-godlike-max-lga-1700-e-atx-intel-motherboard-intel-core-i9-14900k-3-2-ghz-lga-1700-14th-gen-processor-24-cores-32-threads/
2025-05-18,"AMD Ryzen 7 8700G 4.2 GHz AM5 Desktop Processor, 8 Cores & 16 Threads, 5.1 GHz Max Boost Clock, 8MB L2 & 16MB L3 Cache, AMD Radeon 780M, AMD Ryzen AI, DDR5-5200 / 256 GB Max Memory | 100-100001236BOX",1197.00,7% OFF,In Stock,10,https://uae.microless.com/product/amd-ryzen-7-8700g-4-2-ghz-am5-desktop-processor-8-cores-16-threads-5-1-ghz-max-boost-clock-8mb-l2-16mb-l3-cache-amd-radeon-780m-amd-ryzen-ai-ddr5-5200-256-gb-max-memory-100-100001236box/
2025-05-18,"AMD Ryzen 5 5600GT 3.6 GHz AM4 Processor, 6 Cores & 12 Threads, 4.6 GHz Max Boost Clock, 3MB L2 & 16MB L3 Cache, DDR4-3200 Memory, Integrated Radeon Graphics, Wraith Stealth Cooler | 100-100001488BOX",519.00,,,,https://uae.microless.com/product/amd-ryzen-5-5600gt-3-6-ghz-am4-processor-6-cores-12-threads-4-6-ghz-max-boost-clock-3mb-l2-16mb-l3-cache-ddr4-3200-memory-integrated-radeon-graphics-wraith-stealth-cooler-100-100001488box/
2025-05-18,"AMD Ryzen 5 5500GT 3.6 GHz AM4 Desktop Processor, 6 Cores & 12 Threads, 4.4 GHz Max Boost Clock, 3MB L2 & 16MB L3 Cache, Integrated Radeon Graphics, DDR4-3200 Memory | 100-100001489BOX",493.50,6% OFF,,,https://uae.microless.com/product/amd-ryzen-5-5500gt-3-6-ghz-am4-desktop-processor-6-cores-12-threads-4-4-ghz-max-boost-clock-3mb-l2-16mb-l3-cache-integrated-radeon-graphics-ddr4-3200-memory/
2025-05-18,"AMD Ryzen 7 5700 3.7 GHz AM4 Desktop Processor, 8 Cores & 16 Threads, 4.6 GHz Max Boost Clock 4MB L2 & 16MB L3 Cache, DDR4-3200 Memory, Precision Boost 2 | 100-100000743BOX",630.00,11% OFF,,,https://uae.microless.com/product/amd-ryzen-7-5700-3-7-ghz-am4-desktop-processor-8-cores-16-threads-4-6-ghz-max-boost-clock-4mb-l2-16mb-l3-cache-ddr4-3200-memory-precision-boost-2-100-100000743box/
2025-05-18,"Intel Core i3-14100F 3.5 GHz 4-Core LGA 1700 Desktop Processor, 4 Cores & 8 Threads, 4.7 GHz Max Turbo Frequency, 12MB Cache Memory, Dual-Channel DDR5-4800 Memory / 192 GB Max | BX8071514100FSRMX2",498.10,,,,https://uae.microless.com/product/intel-core-i3-14100f-3-5-ghz-4-core-lga-1700-desktop-processor-4-cores-8-threads-4-7-ghz-max-turbo-frequency-12mb-cache-memory-dual-channel-ddr5-4800-memory-192-gb-max-bx8071514100fsrmx2/
2025-05-18,"Intel Core i5-14400F 2.5 GHz 10-Core LGA 1700 Processor, 10 Cores & 16 Threads, 20MB Cache, 5 GHz Maximum Turbo Boost, Dual-Channel DDR5-4800 Memory / 192GB Max, Hybrid Core Arc | BX8071514400FSRN47",558.00,34% OFF,,,https://uae.microless.com/product/intel-core-i5-14400f-2-5-ghz-10-core-lga-1700-processor-10-cores-16-threads-20mb-cache-5-ghz-maximum-turbo-boost-dual-channel-ddr5-4800-memory-192gb-max-hybrid-core-arc-bx8071514400fsrn47/
2025-05-18,"Intel Core i5-14600KF 3.5 GHz 14-Core LGA 1700 14th Gen Processor, 14 Cores & 20 Threads, 24MB Cache Memory, 5.3GHz Max Turbo Boost, Dual-Channel DDR5-5600 / 192GB Max Memory | I5-14600KF Tray",997.50,9% OFF,,,https://uae.microless.com/product/intel-core-i5-14600kf-3-5-ghz-14-core-lga-1700-14th-gen-processor-14-cores-20-threads-24mb-cache-memory-5-3ghz-max-turbo-boost-dual-channel-ddr5-5600-192gb-max-memory-i5-14600kf-tray/
2025-05-18,"GIGABYTE AERO D DDR5 TRX50 E-ATX Motherbord with AMD Ryzen Threadripper 7980X 64-Core sTR5 Processor Ultimate Power Duo Bundle, sTR5 , 5.1GHz Max Turbo Freq, Wi-Fi 7 / Bluetooth 5.3 | 2.5 & 10 GbE",21858.90,8% OFF,In Stock,10,https://uae.microless.com/product/gigabyte-aero-d-ddr5-trx50-e-atx-motherbord-with-amd-ryzen-threadripper-7980x-64-core-str5-processor-ultimate-power-duo-bundle-str5-5-1ghz-max-turbo-freq-wi-fi-7-bluetooth-5-3-2-5-10-gbe/
2025-05-18,"AMD Ryzen Threadripper PRO 7965WX 4.2 GHz sTR5 Processor, 24 Cores & 48 Threads, 5.3 GHz MaxTurbo Frequency, 128MB L3 Cache, 8-CH DDR5 ECC Memory, Up to 5200MT/s, Zen 4 Arc | 100-100000885WOF",11340.00,,In Stock,10,https://uae.microless.com/product/amd-ryzen-threadripper-pro-7965wx-4-2-ghz-str5-processor-24-cores-48-threads-5-3-ghz-maxturbo-frequency-128mb-l3-cache-8-ch-ddr5-ecc-memory-up-to-5200mt-s-zen-4-arc-100-100000885wof/
2025-05-18,"Intel Pentium Gold G6405 Comet Lake Processor, FCLGA1200 Socket, Dual Cores, 4 Threads, 4MB Cache, 4.10GHz Clock Speed, DDR4 Memory, 128GB Max, Integrated Intel® UHD Graphics 610 | BX80701G6405",370.00,,,,https://uae.microless.com/product/intel-pentium-gold-g6405-comet-lake-processor-fclga1200-socket-dual-cores-4-threads-4mb-cache-4-10ghz-clock-speed-ddr4-memory-128gb-max-integrated-intel-uhd-graphics-610-bx80701g6405/
2025-05-18,"Intel Core i7-13700F Desktop Processor, 13th Gen LGA1700, 16 Cores (8 P-cores + 8 E-cores) 30MB Cache, Up to 5.2 GHz Turbo Clock, DDR4/DDR5 Memory, 128GB Max, Tray | CM8071504820806",1443.75,,In Stock,10,https://uae.microless.com/product/intel-core-i7-13700f-desktop-processor-13th-gen-lga1700-16-cores-8-p-cores-8-e-cores-30mb-cache-up-to-5-2-ghz-turbo-clock-ddr4-ddr5-memory-128gb-max-tray-cm8071504820806/
2025-05-18,"Intel Core i7 13700 Desktop Processor, 13th Gen LGA 1700, 16-Core, 24 Threads, 54MB Cache, Up to 2.1GHz, 128 GB Max Memory, Intel UHD Graphics 770, DDR5 - 5600 Memory | i7-13700 TRAY",1575.00,,In Stock,10,https://uae.microless.com/product/intel-core-i7-13700-desktop-processor-13th-gen-lga-1700-16-core-24-threads-54mb-cache-up-to-2-1ghz-128-gb-max-memory-intel-uhd-graphics-770-ddr5-5600-memory-i7-13700-tray/
2025-05-18,"Intel Core i3-12100F 12th Gen Alder Lake Desktop Processor, LGA 1700 Socket, 4 Cores & 8 Threads, 12MB Cache Memory, 3.3 GHz P-Core Clock Speed, Supports PCIe 4.0 & 5.0, 60W TDP | BX8071512100F",420.00,,,,https://uae.microless.com/product/intel-core-i3-12100f-12th-gen-alder-lake-desktop-processor-lga-1700-socket-4-cores-8-threads-12mb-cache-memory-3-3-ghz-p-core-clock-speed-supports-pcie-4-0-5-0-60w-tdp-bx8071512100f/
2025-05-18,"Intel Core i3-13100F LGA 1700 4 Cores Processor, 4.50 GHz Max Turbo Frequency, 8 Threads, 12 MB Cache Memory, Dual Channel DDR5, Up to 128GB Max Memory Capacity, PCIE 5.0 | i3-13100F-Tray",451.19,,,,https://uae.microless.com/product/intel-core-i3-13100f-4-cores-processor-4-50-ghz-max-turbo-frequency-8-threads-12-mb-cache-memory-dual-channel-ddr5-up-to-128gb-max-memory-capacity-pcie-5-0-i3-13100f-tray/
2025-05-18,"Intel Core i9-13900K 3.0 GHz 13th Gen Processor, Dual CH DDR5-5600 Memory, 36MB L3 Cache, 24 Cores, 32 Threads, Up to 5.8GHz Max Clock Speed, Tray | CM8071505094011SRMBH",2250.00,2% OFF,In Stock,10,https://uae.microless.com/product/intel-core-i9-13900k-3-0-ghz-13th-gen-processor-dual-ch-ddr5-5600-memory-36mb-l3-cache-24-cores-32-threads-up-to-5-8ghz-max-clock-speed-tray-cm8071505094011srmbh/
2025-05-18,"Intel Core i9-13900KS LGA 1700 Processor, 24 Cores & 32 Threads, 36MB Cache, 3.2 GHz P-Core Clock Speed, 6.0 GHz Max Turbo Freq, 2-CH DDR5-ECC Memory, Up to 128GB Max, Intel UHD 770 | BX8071513900KS",2940.00,16% OFF,In Stock,1,https://uae.microless.com/product/intel-core-i9-13900ks-lga-1700-processor-24-cores-32-threads-36mb-cache-3-2-ghz-p-core-clock-speed-6-0-ghz-max-turbo-freq-2-ch-ddr5-ecc-memory-up-to-128gb-max-intel-uhd-770-i9-13900ks/
2025-05-18,"Intel Core i7-13700F Desktop Processor, 13th Gen LGA1700, 16 Cores (8 P-cores + 8 E-cores) 30MB Cache, Up to 5.2 GHz Turbo Clock, DDR4/DDR5 Memory, 128GB Max | BX8071513700FSRMBB",1470.00,,In Stock,10,https://uae.microless.com/product/intel-core-i7-13700f-desktop-processor-13th-gen-lga1700-16-cores-8-p-cores-8-e-cores-30mb-cache-up-to-5-2-ghz-turbo-clock-ddr4-ddr5-memory-128gb-max-bx8071513700fsrmbb/
2025-05-18,"Intel Core i5 13400F Raptor Lake Desktop Processor, 13th Gen LGA 1700, 10-Core, 16 Threads, 44MB Cache, Up to 4.6GHz, 128 GB Max Memory, DDR5 5600 Memory | 13400FTRAY",661.50,21% OFF,,,https://uae.microless.com/product/intel-core-i5-13400f-raptor-lake-desktop-processor-13th-gen-lga-1700-10-core-16-threads-44mb-cache-up-to-4-6ghz-128-gb-max-memory-ddr5-5600-memory-13400ftray/
2025-05-18,"Intel Core Core i5-13400 Raptor Lake Desktop Processor, 13th Gen LGA 1700, 10-Core, 16 Threads, 44MB Cache, Up to 4.6GHz, 128 GB Max Memory, DDR5 5600 Memory | 13400TRAY",813.75,9% OFF,,,https://uae.microless.com/product/intel-core-core-i5-13400f-raptor-lake-desktop-processor-13th-gen-lga-1700-10-core-16-threads-44mb-cache-up-to-4-6ghz-128-gb-max-memory-ddr5-5600-memory-13400tray/
2025-05-18,"AMD Ryzen 5 7600 3.6GHz AM5 Gaming Processor, 6 Cores & 12 Threads, 5.1GHz Boost Clock, 6MB L2 & 32MB L3 Cache, AMD Radeon Graphics, DDR5-5200, Includes Wraith Stealth Cooler | 100-100001015BOX",795.00,11% OFF,,,https://uae.microless.com/product/amd-ryzen-5-7600-3-6ghz-am5-gaming-processor-6-cores-12-threads-5-1ghz-boost-clock-6mb-l2-32mb-l3-cache-amd-radeon-graphics-ddr5-5200-memory/
2025-05-18,"AMD Ryzen 7 7700 3.8 GHz AM5 Gaming Processor, 8 Cores & 16 Threads, , 8MB L2 & 32MB L3 Cache, DDR5-5200 Memory, Integ AMD Radeon Graphics, Includes Wraith Prism Cooler | 100-100000592BOX",1302.00,16% OFF,In Stock,10,https://uae.microless.com/product/amd-ryzen-7-7700-3-8-ghz-am5-gaming-processor-8-cores-16-threads-8mb-l2-32mb-l3-cache-ddr5-5200-memory-integ-amd-radeon-graphics-includes-wraith-prism-cooler-100-100000592box/
2025-05-18,"AMD Ryzen 9 7900 3.7GHz AM5 Gaming Processor, 12 Cores & 24 Threads, 12MB L2 & 64MB L3 Cache, Integ AMD Radeon Graphics, DDR5-5200 Memory, Includes Wraith Prism Cooler | 100-100000590BOX",1417.50,24% OFF,In Stock,10,https://uae.microless.com/product/amd-ryzen-9-7900-3-7ghz-am5-gaming-processor-12-cores-24-threads-12mb-l2-64mb-l3-cache-integ-amd-radeon-graphics-ddr5-5200-memory-includes-wraith-prism-cooler-100-100000590box/
2025-05-18,"Intel Core Core i9-13900F Raptor Lake Desktop Processor, 13th Gen LGA 1700, 24 Cores, 32 Threads, Up to 5.6 GHz, 68MB Cache, 128 GB MAX Memory Support, DDR4 3200 / DDR5 5600 | BX8071513900F",2151.29,13% OFF,In Stock,10,https://uae.microless.com/product/intel-core-core-i9-13900f-raptor-lake-desktop-processor-13th-gen-lga-1700-24-cores-32-threads-up-to-5-6-ghz-68mb-cache-128-gb-max-memory-support-ddr4-3200-ddr5-5600-bx8071513900f/
2025-05-18,"Intel Core i7 13700 Raptor Lake Desktop Processor, 13th Gen LGA 1700, 16-Core, 24 Threads, 54MB Cache, Up to 2.1GHz, 128 GB Max Memory, Intel UHD Graphics 770, DDR5 - 5600 Memory | BX8071513700",1627.50,6% OFF,In Stock,10,https://uae.microless.com/product/intel-core-i7-13700-raptor-lake-desktop-processor-13th-gen-lga-1700-16-core-24-threads-54mb-cache-up-to-2-1ghz-128-gb-max-memory-intel-uhd-graphics-770-ddr5-5600-memory-bx8071513700/
2025-05-18,"Intel Core i5-13400 Raptor Lake Desktop Processor, 13th Gen LGA 1700, 10 Cores, 16Threads, 30MB Cache, Up to 4.6GHz, Intel UHD Graphics 730, 128GB Max Memory, DDR5 4800 Memory | BX8071513400",840.00,22% OFF,,,https://uae.microless.com/product/intel-core-i5-13400-raptor-lake-desktop-processor-13th-gen-lga-1700-10-cores-16threads-30mb-cache-up-to-4-6ghz-intel-uhd-graphics-730-128gb-max-memory-ddr5-4800-memory-bx8071513400/
2025-05-18,"Intel Core Core i5 13400F Raptor Lake Desktop Processor, 13th Gen LGA 1700, 10-Core, 16 Threads, 44MB Cache, Up to 4.6GHz, 128 GB Max Memory, DDR5 5600 Memory | BX8071513400F",693.00,29% OFF,,,https://uae.microless.com/product/intel-core-i5-13600kf-3-5-ghz-14-core-raptor-lake-desktop-processor-13th-gen-lga-1700-14-core-20-threads-44mb-cache-128-gb-max-memory-2-channel-ddr5-5600-memory-bx8071513600kf/
2025-05-18,"Intel Core i5-13600K 3.5GHz Processor, 13th Gen LGA 1700, 14 Cores, 20 Thread, 24MB Cache Memory, 5.1GHz Max Turbo Freq, 2 Channel DDR5, 3.5GHz P-Core Clock Speed, 128 GB Max Memory | BX8071513600K",1081.07,29% OFF,In Stock,10,https://uae.microless.com/product/intel-core-i5-13600k-3-5ghz-processor-13th-gen-lga-1700-14-cores-20-thread-24mb-cache-memory-5-1ghz-max-turbo-freq-2-channel-ddr5-3-5ghz-p-core-clock-speed-128-gb-max-memory-bx8071513600k/
2025-05-18,"Intel Core i9-13900K 3GHz 13th Gen LGA 1700 Processor, 24 Cores, 32 Threads, 36MB Cache Memory, Integrated Intel UHD 770 Graphics, 128 GB Max Memory, 5.7 GHz Max Turbo Frequency | BX8071513900K",1994.20,10% OFF,In Stock,10,https://uae.microless.com/product/intel-core-i9-13900k-3ghz-13th-gen-lga-1700-processor-24-cores-32-threads-36mb-cache-memory-integrated-intel-uhd-770-graphics-128-gb-max-memory-5-7-ghz-max-turbo-frequency/
2025-05-18,"Intel Core i9-13900KF 3GHz 24-Core LGA 1700 Processor,13th Gen LGA 1700, 24 Cores, 32 Threads, 36M Cache, 3GHz P-Core Clock Speed, 5.7GHz Max Turbo Freq, 2 Channel DDR5-5600 Memory | BX8071513900KF",1888.49,16% OFF,In Stock,10,https://uae.microless.com/product/intel-core-i9-13900k-3ghz-24-core-lga-1700-processor-13th-gen-lga-1700-24-cores-32-threads-36m-cache-3ghz-p-core-clock-speed-5-7ghz-max-turbo-freq-2-channel-ddr5-5600-memory-bx8071513900kf/
2025-05-18,"Intel Core i5-13600KF 3.5GHz Processor, 13th Gen LGA 1700, 14 Cores, 20 Thread, 24MB Cache Memory, 5.1GHz Max Turbo Freq, 2 Channel DDR5, 3.5GHz P-Core Clock Speed, 128 GB Max Memory | BX8071513600KF",965.13,32% OFF,,,https://uae.microless.com/product/intel-core-i5-13600kf-3-5ghz-processor-13th-gen-lga-1700-14-cores-20-thread-5-1ghz-max-turbo-freq-dual-channel-ddr5-5600-3-5ghz-p-core-clock-speed-128-gb-max-memory-bx8071513600kf/
2025-05-18,"Intel Core i7-13700K 3.4GHz Processor, 16 Cores, 24 Threads, 13th Gen LGA1700, 30M Cache, 128GB Max Memory, 5.4 GHz Max Turbo Freq, 2 Channel DDR5-5600, 3.4GHz P-Core Clock Speed | BX8071513700K",1438.50,16% OFF,In Stock,10,https://uae.microless.com/product/intel-core-i7-13700k-3-4-ghz-processor-16-cores-24-threads-13th-gen-lga1700-30m-cache-128gb-max-memory-5-4-ghz-max-turbo-freq-2-channel-ddr5-5600-3-4ghz-p-core-clock-speed-bx8071513700k/
2025-05-18,"Intel Core i5-12400 Alder Lake Desktop Processor, 6 Cores,12 Threads, 7.5 MB Cache Memory, 4.40 GHz Max Turbo Frequency, Up to DDR5 4800, 128 GB Max Memory | 12400TRAY",570.50,29% OFF,,,https://uae.microless.com/product/intel-core-i5-12400-alder-lake-desktop-processor-6-cores-12-threads-7-5-mb-cache-memory-4-40-ghz-max-turbo-frequency-up-to-ddr5-4800-128-gb-max-memory-12400tray/
2025-05-18,"AMD Ryzen 9 7950X 4.5 GHz AM5 170W Desktop Processor, 16 Cores & 32 Threads, 5.7 GHz Max Boost Clock, 64MB L3 Cache, AMD Radeon Graphics, 2CH -DDR5-6400 / 128GB Max, Zen 4 Arc | 100-100000514WOF",2017.00,25% OFF,In Stock,10,https://uae.microless.com/product/amd-ryzen-9-7950x-4-5-ghz-am5-170w-desktop-processor-16-cores-32-threads-5-7-ghz-max-boost-clock-64mb-l3-cache-amd-radeon-graphics-2ch-ddr5-6400-128gb-max-zen-4-arc-100-100000514wof/
2025-05-18,"AMD Ryzen Threadripper Pro 5955WX CPU Desktop Processor, Zen 3, sWRX8, 16 Core, 32 Thread, 4.5 GHz Max Boost, 4.0 GHz Base, PCIe 4.0, 280W | 100-100000447WOF",4935.33,29% OFF,In Stock,10,https://uae.microless.com/product/amd-ryzen-threadripper-pro-955wx-cpu-desktop-processor-zen-3-swrx8-16-core-32-thread-4-5-ghz-max-boost-4-0-ghz-base-pcie-4-0-280w-100-000000447wof/
2025-05-18,"Intel Core i3-12100 12th Gen LGA 1700 Processor, 4 Cores & 8 Threads, 3.3 GHz P-Core Clock Speed, 4.3 GHz Maximum Frequency, 12MB Cache, Integrated Intel UHD Graphics 730 | i3-12100 TRAY",393.75,6% OFF,,,https://uae.microless.com/product/intel-core-i3-12100-12th-gen-lga-1700-processor-4-cores-8-threads-3-3-ghz-p-core-clock-speed-4-3-ghz-maximum-frequency-12mb-cache-integrated-intel-uhd-graphics-730-i3-12100-tray/
2025-05-18,"Intel Core i3-10100F 10 Generation Desktop Processor, 4 Cores, 8 Threads, 6MB Cache Memory, 4.30 GHz Maximum Frequency, DDR4-2666 Memory, 3.60 GHz Clock Speed | i3-10100F TRAY",325.41,16% OFF,,,https://uae.microless.com/product/intel-core-i3-10100f-10-generation-desktop-processor-4-cores-8-threads-6mb-cache-memory-4-30-ghz-maximum-frequency-ddr4-2666-memory-3-60-ghz-clock-speed-i3-10100f-tray/
2025-05-18,"AMD EPYC 7773X Processor Kit, 64 Cores, 128 Threads, SP3 CPU Socket, 768MB L3 Cache, Up to 3.5GHz Boost Clock, 280W TDP, DDR4 Memory Type, PCIe 4.0 x128 | 100-000000504​",34650.00,,In Stock,10,https://uae.microless.com/product/amd-epyc-7773x-processor-kit-64-cores-128-threads-sp3-cpu-socket-768mb-l3-cache-up-to-3-5ghz-boost-clock-280w-tdp-ddr4-memory-type-pcie-4-0-x128-100-000000504/
2025-05-18,"AMD Ryzen Threadripper PRO 5965WX Desktop CPU, sWRX8 Socket, 24 Core, 48 Threads, 3.80GHz Clock Speed, 128MB L3 Cache, PCI Express 4.0 Support, DDR4 Memory Type, 280W TDP | 100-100000446WOF",8610.00,22% OFF,In Stock,10,https://uae.microless.com/product/amd-ryzen-threadripper-pro-5965wx-desktop-cpu-swrx8-socket-24-core-48-threads-3-80ghz-clock-speed-128mb-l3-cache-pci-express-4-0-support-ddr4-memory-type-280w-tdp-100-100000446wof/
2025-05-18,"AMD Ryzen Threadripper Pro 5975WX Desktop CPU, sWRX8 Socket, 32 Core, 64 Threads, 3.60 GHz Clock Rate, 128MB L3 Cache, PCI Express 4.0 Support, DDR4 Memory Type, 280W TDP | 100-100000445WOF",9240.00,28% OFF,In Stock,10,https://uae.microless.com/product/amd-ryzen-threadripper-pro-5975wx-desktop-cpu-swrx8-socket-32-core-64-threads-3-60-ghz-clock-rate-128mb-l3-cache-pci-express-4-0-support-ddr4-memory-type-280w-tdp-100-100000445wof/
2025-05-18,"AMD Ryzen Threadripper Pro 5995WX Desktop CPU, sWRX8 Socket, 64 Core, 128 Threads, 2.70 GHz Clock Rate, 256MB L3 Cache, PCI Express 4.0 Support, DDR4 Memory Type,  280W TDP | 100-100000444WOF",20475.00,18% OFF,In Stock,10,https://uae.microless.com/product/amd-ryzen-threadripper-pro-5995wx-desktop-cpu-swrx8-socket-64-core-128-threads-2-70-ghz-clock-rate-256mb-l3-cache-pci-express-4-0-support-ddr4-memory-type-280w-tdp-100-100000444wof/
2025-05-18,"Intel Core i5-12600K Alder Lake 12th Gen Desktop Processor, LGA1700 Socket, 10 Cores, 16 Threads, 4.90 GHz Max Turbo Frequency, 20 MB Cache, 128GB Max Memory Size, PCIe 5.0 and 4.0 | 12600KTRAY",1092.00,10% OFF,In Stock,10,https://uae.microless.com/product/intel-core-i5-12600k-alder-lake-12th-gen-desktop-processor-lga1700-socket-10-cores-16-threads-4-90-ghz-max-turbo-frequency-20-mb-cache-128gb-max-memory-size-pcie-5-0-and-4-0-12600ktray/
2025-05-18,"Intel Core i9-12900F Desktop Processor, 12th Gen LGA 1700, 16 Cores, 24 Threads, 30MB Cache Memory, 5.1 GHz Max Frequency, Dual Channel DDR5 Memory, 2.4 GHz P-Core Clock Speed | BX8071512900F",1974.00,2% OFF,In Stock,10,https://uae.microless.com/product/intel-core-i9-12900f-desktop-processor-12th-gen-lga-1700-16-cores-24-threads-30mb-cache-memory-5-1-ghz-max-frequency-dual-channel-ddr5-memory-2-4-ghz-p-core-clock-speed-bx8071512900f/
2025-05-18,"Intel Core i3-12100F 12th Gen Alder Lake Desktop Processor, LGA 1700 Socket, 4 Cores & 8 Threads, 12MB Cache Memory, 3.3 GHz P-Core Clock Speed, Supports PCIe 4.0 / 5.0, 58W | i3-12100F Tray",420.00,,,,https://uae.microless.com/product/intel-core-i3-12100f-12th-gen-alder-lake-desktop-processor-lga-1700-socket-4-cores-8-threads-12mb-cache-memory-3-3-ghz-p-core-clock-speed-supports-pcie-4-0-5-0-58w-i3-12100f-tray/
2025-05-18,"Intel Core i9-12900KS 12th Gen Alder Lake Desktop Processor, LGA 1700, 16-Core (8P+8E), 3.4 GHz Frequency, 24 Total Threads, 30 MB Intel Smart Cache, Intel UHD 770, DDR4/DDR5 Support | BX8071512900KS",2362.50,27% OFF,In Stock,10,https://uae.microless.com/product/intel-core-i9-12900ks-12th-gen-alder-lake-desktop-processor-lga-1700-socket-16-core-8p-8e-3-4-ghz-frequency-24-total-threads-30-mb-intel-smart-cache-ddr4-ddr5-support-bx8071512900ks/
2025-05-18,"Intel Core i5-9400 Coffee Lake 6 Core Desktop Processor, 2.9 GHz (4.1 GHz Turbo) Frequency, 14 nm Litography, LGA 1151, 65W, 9 MB Intel Smart Cache, Intel UHD Graphics 630 | i5-9400 Tray",472.15,31% OFF,,,https://uae.microless.com/product/intel-core-i5-9400-coffee-lake-6-core-desktop-processor-2-9-ghz-4-1-ghz-turbo-frequency-14-nm-litography-lga-1151-65w-9-mb-intel-smart-cache-intel-uhd-graphics-630-i5-9400-tray/
2025-05-18,"Intel Core i7-12700 12 Core Alder Lake CPU/Processor, 2.1GHz, 25MB Cache, Socket LGA1700, 20 Total Threads, 65W Base Power, DDR5/DDR4 Memory Speed Support, Tray | i7-12700 Tray",1050.00,24% OFF,In Stock,10,https://uae.microless.com/product/intel-core-i7-12700-12-core-alder-lake-cpu-processor-2-1ghz-25mb-cache-socket-lga1700-20-total-threads-65w-base-power-ddr5-ddr4-memory-speed-support-tray-i7-12700-tray/
2025-05-18,"Intel Xeon Gold 6226R 2nd Gen Processor, 16 Total Cores, 32 Threads, 14nm Lithography, 2.90GHZ Base Frequency, 22MB Cache, 150W CPU, PCI Express 3.0, FC LGA3647 Socket Supported | Xeon Gold 6226R",5197.50,,In Stock,10,https://uae.microless.com/product/intel-xeon-gold-6226r-2nd-gen-processor-16-total-cores-32-threads-14nm-lithography-2-90ghz-base-frequency-22mb-cache-150w-cpu-pci-express-3-0-fc-lga3647-socket-supported-xeon-gold-6226r/
2025-05-18,"Intel Core i5-12400 12th Gen Alder Lake Desktop Processor, 2.5 GHz Base Frequency, 6 Cores, LGA 1700 Socket, 65W Base Power, Intel UHD Graphics 730, 12 Threads | BX8071512400SRL5Y",597.43,35% OFF,,,https://uae.microless.com/product/intel-core-i5-12400-12th-gen-alder-lake-desktop-processor-2-5-ghz-base-frequency-6-cores-lga-1700-socket-65w-base-power-intel-uhd-graphics-730-12-threads-bx8071512400srl5y/
2025-05-18,"Intel Core i5-12400F 12th Gen Alder Lake Desktop Processor, 6 Total Cores, 12 Threads, 18 MB Cache, 2.5 GHz Base Frequency, LGA 1700 Socket, 65W Power, 128 GB Max Memory Size, Box | BX8071512400FSRL4W",456.75,27% OFF,,,https://uae.microless.com/product/intel-core-i5-12400f-12th-gen-alder-lake-desktop-processor-6-core-18-mb-smart-cache-2-5-ghz-lga-1700-socket-65w-base-power-bx8071512400fsrl4w/
2025-05-18,"Intel Core i9-12900KF Alder Lake-S Desktop Processor, 3.20 GHz, Socket 1700, 16 CPU Cores, 24 Threads for Multitasking, Cache 30 MB | BX8071512900KF",1489.80,43% OFF,In Stock,10,https://uae.microless.com/product/intel-core-i9-12900kf-alder-lake-s-desktop-processor-3-20-ghz-socket-1700-16-cpu-cores-24-threads-for-multitasking-bx8071512900kf/
2025-05-18,"Intel Core i5-12600KF Alder Lake-S 12th Gen Desktop Processor, 3.70 GHz, Socket 1700, 10 CPU Cores, 16 Threads for Multitasking | BX8071512600KF / BX8071512600KFSRL4U",1102.50,10% OFF,In Stock,10,https://uae.microless.com/product/intel-core-i5-12600kf-alder-lake-s-12th-gen-desktop-processor-3-70-ghz-socket-1700-10-cpu-cores-16-threads-for-multitasking-bx8071512600kf/
2025-05-18,"AMD Ryzen 5 PRO 5650GE Desktop Processor, AM4 Socket, 6 CPU Cores, 3.4GHz Base Clock, DDR4, 3MB L3 Cache, 12 Threads, PCIe 3.0 | 100-0000000258 Tray",1260.00,,In Stock,10,https://uae.microless.com/product/amd-ryzen-5-pro-5650ge-desktop-processor-am4-socket-6-cpu-cores-3-4ghz-base-clock-ddr4-3mb-l3-cache-12-threads-pcie-3-0-100-0000000258-tray/
2025-05-18,"AMD Ryzen 5 PRO 3350G Desktop Processor, AM4 Socket, 4 CPU Cores, 3.6GHz Base Clock, DDR4, 4MB L3 Cache, 8 Threads, PCIe 3.0, Tray | YD335BC5M4MFH",473.00,25% OFF,,,https://uae.microless.com/product/amd-ryzen-5-pro-3350g-desktop-processor-am4-socket-4-cpu-cores-3-6ghz-base-clock-ddr4-4mb-l3-cache-8-threads-pcie-3-0-tray-yd335bc5m4mfh/
2025-05-18,"Intel DL380 Gen10 Xeon-G 5218 Processor Kit, 16-Core, 2.30 GHz, Max Memory 1 TB, 22MB L3 Cache, 14 nm Process Technology, 125W Thermal Design Power, Gold | P02498-B21",5209.31,,In Stock,10,https://uae.microless.com/product/intel-dl380-gen10-xeon-g-5218-processor-kit-16-core-2-30-ghz-max-memory-1-tb-22mb-l3-cache-14-nm-process-technology-125w-thermal-design-power-gold-p02498-b21/
2025-05-18,"Intel DL380 Gen10 Xeon-S 4214 Processor Kit, 12-Core, 2.2 GHz, Max Memory 1 TB, 17MB L3 Cache, 14 nm Process Technology, 85 W Thermal Design Power, Silver | P02493-B21",3395.70,,In Stock,10,https://uae.microless.com/product/intel-dl380-gen10-xeon-s-4214-processor-kit-12-core-2-2-ghz-max-memory-1-tb-17mb-l3-cache-14-nm-process-technology-85-w-thermal-design-power-silver-p02493-b21/
2025-05-18,"Intel DL380 Gen10 Xeon-S 4210 Processor Kit with Two Fans & Heatsink, 10-Core, 2.2 GHz, Max Memory 1 TB, 13.75MB L3 Cache, 14 nm Process Technology, 85 W Thermal Design Power, Silver | P02492-B21",2100.00,18% OFF,In Stock,10,https://uae.microless.com/product/intel-dl380-gen10-xeon-s-4210-processor-kit-10-core-2-2-ghz-max-memory-1-tb-13-75mb-l3-cache-14-nm-process-technology-85-w-thermal-design-power-silver-p02492-b21/
2025-05-18,"Intel DL380 Gen10 Xeon-S 4208 Processor Kit, 8-Core, 2.10GHz, Max Memory 1 TB, 11MB L3 Cache, 14 nm Process Technology, 85 W Thermal Design, Silver | P02491-B21",2483.25,,In Stock,10,https://uae.microless.com/product/intel-dl380-gen10-xeon-s-4208-processor-kit-8-core-2-10ghz-max-memory-1-tb-11mb-l3-cache-14-nm-process-technology-85-w-thermal-design-silver-p02491-b21/
2025-05-18,"Intel Core i7-10700K 10th Gen Processor Tray, LGA 1200 Socket, 8 Cores 16 Threads, 3.8 GHz Base,  128 GB Max Memory, 5.1 GHz Boost, 125W TDP, 16M Cache, Unlocked Multiplier | i7-10700K Tray",1228.50,16% OFF,In Stock,10,https://uae.microless.com/product/intel-core-i7-10700k-10th-gen-processor-tray-lga-1200-socket-8-cores-16-threads-3-8-ghz-base-128-gb-max-memory-5-1-ghz-boost-125w-tdp-16m-cache-unlocked-multiplier-i7-10700k-tray/
2025-05-18,"Intel Core i5-12600KF Alder Lake-S 12th Gen Desktop Processor, 3.70 GHz, Socket 1700, 10 CPU Cores, 16 Threads for Multitasking | i5-12600KF-Tray",996.20,27% OFF,,,https://uae.microless.com/product/intel-core-i5-12600kf-alder-lake-s-12th-gen-desktop-processor-3-70-ghz-socket-1700-10-cpu-cores-16-threads-for-multitasking-i5-12600kf-tray/
2025-05-18,"Intel Core i9-12900KF Alder Lake-S Desktop Processor, 3.20 GHz, Socket 1700, 16 CPU Cores, 24 Threads for Multitasking, Tray | i9-12900KF-Tray",1995.00,5% OFF,In Stock,10,https://uae.microless.com/product/intel-core-i9-12900kf-alder-lake-s-desktop-processor-3-20-ghz-socket-1700-16-cpu-cores-24-threads-for-multitasking-tray-i9-12900kf-tray/
2025-05-18,"Intel Core i9-12900K Desktop Processor, 16 (8P+8E) Cores, up to 5.2 GHz, Unlocked LGA1700, 600 Series Chipset, 125W | BX8071512900K",1573.74,13% OFF,In Stock,10,https://uae.microless.com/product/intel-core-i9-12900k-desktop-processor-16-8p-8e-cores-up-to-5-2-ghz-unlocked-lga1700-600-series-chipset-125w-i9-12900k-box/
2025-05-18,"Intel Core i5-12600K Desktop Processor, 10(6P+4E) Cores up to 4.9 GHz, Unlocked LGA1700, 600 Series Chipset, 125W | INB71512600KSRL4T / BX8071512600KSRL4T",1155.00,8% OFF,In Stock,10,https://uae.microless.com/product/intel-core-i5-12600k-desktop-processor-10-6p-4e-cores-up-to-4-9-ghz-unlocked-lga1700-600-series-chipset-125w-i5-12600k-box/
2025-05-18,"AMD Ryzen 9 3900XT Tray Gen3, AM4, Zen 2, 12 Core, 24 Thread, 4.10 GHz, 4.6GHz Turbo, 64MB L3, PCIe 4.0, 105W, CPU, without Wraith Prism, Tray | 100-100000277WOF",2098.32,,In Stock,10,https://uae.microless.com/product/amd-ryzen-9-3900xt-tray-gen3-am4-zen-2-12-core-24-thread-4-10-ghz-4-6ghz-turbo-64mb-l3-pcie-4-0-105w-cpu-without-wraith-prism-tray-100-100000277wof/
2025-05-18,"AMD Ryzen 5 3600 Unlocked Desktop Processor, 12 Threads, 6 CPU Cores, 3MB L2 Cache, Up to 4.2GHz Max Boost Clock, AM4 Socket, PCIe 4.0 x16, Tray Only | Ryzen 5 3600 Tray",525.00,,,,https://uae.microless.com/product/amd-ryzen-5-3600-unlocked-desktop-processor-12-threads-6-cpu-cores-3mb-l2-cache-up-to-4-2ghz-max-boost-clock-am4-socket-pcie-4-0-x16-tray-only-ryzen-5-3600-tray/
2025-05-18,"Intel Core i9-10900K Tray Processor, 10 Cores up to 5.3 GHz Unlocked LGA1200 (Intel 400 Series Chipset) 125W | i9-10900K Tray",2047.50,5% OFF,In Stock,10,https://uae.microless.com/product/intel-core-i9-10900k-tray-processor-10-cores-up-to-5-3-ghz-unlocked-lga1200-intel-400-series-chipset-125w-i9-10900k-tray/
2025-05-18,"Intel Celeron G5905 3.5 GHz Dual-Core LGA 1200 Processor, Dual-Channel DDR4-2666 Memory, 10th Generation, Intel UHD Graphics 610 | BX80701G5905-BOX",294.00,14% OFF,,,https://uae.microless.com/product/intel-celeron-g5905-3-5-ghz-dual-core-lga-1200-processor-dual-channel-ddr4-2666-memory-10th-generation-intel-uhd-graphics-610-bx80701g5905-box/
2025-05-18,"Intel 11th Gen Core i5-11600KF - 6 Cores & 12 Threads, 4.9 GHz Maximum Turbo Frequency, Dual-Channel DDR4-3200 Memory, 12MB Cache Memory, LGA 1200 Processor | 11600KF-TRAY",892.50,26% OFF,,,https://uae.microless.com/product/intel-11th-gen-core-i5-11600kf-6-cores-12-threads-4-9-ghz-maximum-turbo-frequency-dual-channel-ddr4-3200-memory-12mb-cache-memory-lga-1200-processor-11600kf-tray/
2025-05-18,"Intel Core i9-10900F, 20MB Cache, LGA1200 Processor | BX8070110900F",1680.00,,In Stock,10,https://uae.microless.com/product/intel-core-i9-10900f-20mb-cache-lga1200-processor-bx8070110900f/
2025-05-18,AMD RYZEN 3 4300GE Quad-Core 4-Core 8-Threads (Max Boost 4.0 GHz) | 100-000000151,419.24,35% OFF,,,https://uae.microless.com/product/amd-ryzen-3-4300ge-quad-core-4-core-8-threads-max-boost-4-0-ghz-100-000000151/
2025-05-18,"AMD Ryzen 7 5700G Cezanne 8-Core Desktop Processor, 3.8 GHz, Socket AM4, 65W, AMD Radeon Graphics | 100-100000263BOX",690.90,35% OFF,,,https://uae.microless.com/product/amd-ryzen-7-5700g-cezanne-8-core-desktop-processor-3-8-ghz-socket-am4-65w-amd-radeon-graphics-100-100000263box/
2025-05-18,"Intel 11th Gen Core i5-11400F CPU Processor, 6 Cores & 12 Threads, 4.4 GHz Maximum Turbo Frequency, LGA 1200  | 11400FTRAY",536.00,15% OFF,,,https://uae.microless.com/product/intel-11th-gen-core-i5-11400f-cpu-processor-6-cores-12-threads-4-4-ghz-maximum-turbo-frequency-dual-channel-ddr4-3200-memory-12mb-cache-memory-lga-1200-11400ftray/
2025-05-18,"Intel 11th Gen Core i5-11400 CPU Processor, 6 Cores & 12 Threads, 4.4 GHz Maximum Turbo Frequency, LGA 1200 (Only Tray, No Fan)  | 11400TRAY",677.25,,,,https://uae.microless.com/product/intel-11th-gen-core-i5-11400-cpu-processor-6-cores-12-threads-4-4-ghz-maximum-turbo-frequency-dual-channel-ddr4-3200-memory-12mb-cache-memory-lga-1200-11400tray/
2025-05-18,"Intel 10th Gen Core i3-10105F 3.70Ghz, Quad-Core LGA 1200, 6.00Mb Cache, Dual-Channel DDR4-2666, 14 nm, BX8070110105F Desktop Processor - BOX | INB70110105FSRH8V",356.35,34% OFF,,,https://uae.microless.com/product/intel-10th-gen-core-i3-10105f-3-70ghz-quad-core-lga-1200-6-00mb-cache-dual-channel-ddr4-2666-14-nm-bx8070110105f-desktop-processor-box-inb70110105fsrh8v/
2025-05-18,"Intel Core Core i5 6-Core Processor, i5-10400 Up to 4.30 GHz, LGA1200, 12m Tray - Comet Lake | 10400TRAY",628.87,29% OFF,,,https://uae.microless.com/product/intel-core-core-i5-6-core-processor-i5-10400-up-to-4-30-ghz-lga1200-12m-tray-comet-lake-10400tray/
2025-05-18,Intel Core i7-10700F Comet Lake 8-Core 2.9 GHz LGA 1200 65W Desktop Processor | BX8070110700F / BX8070110700FSRH70,1050.00,9% OFF,In Stock,10,https://uae.microless.com/product/cpu-intel-core-i7-10700f-box-2-9ghz-lga1200/
2025-05-18,"Intel 11th Gen Core i7-11700 - 8 Cores & 16 Threads, 4.9 GHz Maximum Turbo Frequency, Dual-Channel DDR4-3200 Memory, Intel UHD 750 Graphics, 16MB Cache Memory, LGA 1200 Processor | BX8070811700",1260.00,14% OFF,In Stock,10,https://uae.microless.com/product/intel-core-i7-11700-8-cores-16-threads-4-9-ghz-maximum-turbo-frequency-dual-channel-ddr4-3200-memory-intel-uhd-750-graphics-16mb-cache-memory-lga-1200-processor-bx8070811700/
2025-05-18,"AMD Ryzen Threadripper PRO 3975WX sWRX8 Processor, 32 Cores & 64 Threads, 3.5GHz Clock Speed, 4.2GHz Max Turbo Freq, 128MB L3 Cache, 8-CH ECC DDR4-3200 Memory, AMD Zen Core Arch | 100-100000086WOF",15750.00,,In Stock,10,https://uae.microless.com/product/amd-ryzen-threadripper-pro-3975wx-processor-100-10000086wof/
2025-05-18,Lenovo ThinkSystem SR570/SR630 Intel Xeon Silver 4215R 8C 130W 3.2GHz Processor Option Kit w/o Fan | 4XG7A63298,4517.16,,In Stock,10,https://uae.microless.com/product/lenovo-thinksystem-sr570-sr630-intel-xeon-silver-4215r-8c-130w-3-2ghz-processor-option-kit-w-o-fan-4xg7a63298/
2025-05-18,Lenovo ThinkSystem SR645 AMD EPYC 7262 8C 155W 3.2GHz Processor w/o Fan | 4XG7A63350,3216.97,,In Stock,10,https://uae.microless.com/product/lenovo-thinksystem-sr645-amd-epyc-7262-8c-155w-3-2ghz-processor-w-o-fan-4xg7a63350/
2025-05-18,Lenovo ThinkSystem SR530/SR570/SR630 Intel Xeon Silver 4210R 10C 100W 2.4GHz Processor Option Kit w/o Fan | 4XG7A37988,3189.00,,In Stock,10,https://uae.microless.com/product/lenovo-thinksystem-sr530-sr570-sr630-intel-xeon-silver-4210r-10c-100w-2-4ghz-processor-option-kit-w-o-fan-4xg7a37988/
2025-05-18,"AMD Ryzen 5 5600X Desktop Processor, 4.6GHz (Max Boost Clock) & 3.7GHz (Base Clock), 6-Core, AM4, 12 Threads, TSMC 7nm FinFET, Tray | 100-100000065 Tray",598.50,14% OFF,,,https://uae.microless.com/product/amd-ryzen-5-5600x-desktop-processor-4-6ghz-max-boost-clock-3-7ghz-base-clock-6-core-am4-12-threads-tsmc-7nm-finfet-processor-tray-100-100000065/
2025-05-18,"AMD Ryzen 9 5900X Desktop Processor, 3.7GHz Base Clock & 4.8GHz (Max Boost Clock), AM4, 24 Threads, TSMC 7nm FinFET | 100-100000061 / Tray",1575.00,30% OFF,In Stock,10,https://uae.microless.com/product/amd-ryzen-9-5900x-desktop-processor-3-7ghz-base-clock-4-8ghz-max-boost-clock-am4-24-threads-tsmc-7nm-finfet-100-100000061-tray/
2025-05-18,Intel Core i5-10600KF (Base Clock: 4.10GHz; LGA1200; 125 Watt) DDR4-2666 6 Cores & 12 Threads Box | BX8070110600KF,997.50,6% OFF,,,https://uae.microless.com/product/intel-core-i5-10600kf-base-clock-4-10ghz-lga1200-125-watt-ddr4-2666-6-cores-12-threads-box-bx8070110600kf/
2025-05-18,"AMD Ryzen 5 5600X Desktop Processor, 4.6GHz (Max Boost Clock) & 3.7GHz (Base Clock), 6-Core, AM4, 12 Threads, TSMC 7nm FinFET | 100-100000065BOX",546.00,33% OFF,,,https://uae.microless.com/product/amd-ryzen-5-5600x-desktop-processor-4-6ghz-max-boost-clock-3-7ghz-base-clock-6-core-am4-12-threads-tsmc-7nm-finfet-100-100000065box/
2025-05-18,"AMD Ryzen 9 5900X Desktop Processor, 3.7GHz Base Clock & 4.8GHz (Max Boost Clock), AM4, 24 Threads, TSMC 7nm FinFET | 100-100000061WOF",1249.50,24% OFF,In Stock,10,https://uae.microless.com/product/amd-ryzen-9-5900x-desktop-processor-3-7ghz-base-clock-4-8ghz-max-boost-clock-am4-24-threads-tsmc-7nm-finfet-100-100000061wof/
2025-05-18,"Intel Core i3-10100F 3.6GHz, Quadcore, 6MB, LGA1200, No Graphics CPU Box Processor - Comet Lake | BX8070110100F",367.50,25% OFF,,,https://uae.microless.com/product/intel-core-i3-10100f-3-6ghz-quadcore-6mb-lga1200-no-graphics-cpu-box-processor-comet-lake-inb70110100fsrh8u/
2025-05-18,"Intel Core i7-10700KF, 8-Core, 3.8 GHz, LGA 1200, 14 nm, 125W - Desktop Processor I BX8070110700KF",1491.00,,In Stock,10,https://uae.microless.com/product/intel-core-i7-10700kf-8-core-3-8-ghz-lga-1200-14-nm-125w-desktop-processor-i-bx8070110700kf/
2025-05-18,Intel Core i5-10600K Desktop Processor 6 Cores up to 4.8 GHz Unlocked  LGA1200 (Intel 400 Series Chipset) 125W | BX8070110600K,1144.50,,In Stock,10,https://uae.microless.com/product/intel-core-i5-10600k-desktop-processor-6-cores-up-to-4-8-ghz-unlocked-lga1200-intel-400-series-chipset-125w-bx8070110600k/
2025-05-18,Intel CPU Desktop Core i9-10850K 3.6GHz Ten-Core LGA1200 Processor I Marvel Avengers Special Edition I BX8070110850KA,1984.50,11% OFF,In Stock,10,https://uae.microless.com/product/intel-core-i9-10850k-3-6ghz-10core-20mb-lga1200-graphics-comet-lakemarvel-s-avengers-collector-s-edition-i-bx8070110850ka/
2025-05-18,CORE I7-10700K AVENGERS EDITION 3.8GHZ (COMET LAKE) SOCKET LGA1200 PROCESSOR - RETAIL | BX8070110700KA,1680.00,8% OFF,In Stock,10,https://uae.microless.com/product/core-i7-10700ka-avengers-edition-3-8ghz-comet-lake-socket-lga1200-processor-retail-bx8070110700ka/
2025-05-18,"Intel Core i3-10100 up to 4.3 GHz Quad-Core LGA 1200 Processor, 14 nm Processor, 6 MB Cache | BX8070110100SRH3N",467.25,15% OFF,,,https://uae.microless.com/product/intel-core-i3-10100-3-6-ghz-quad-core-lga-1200-processor-14-nm-processor-6-mb-cache-bx8070110100/
2025-05-18,"Intel Core i9-10900K Box Desktop Processor, 10 Cores up to 5.3 GHz Unlocked  LGA1200 (Intel 400 Series Chipset) 125W | BX8070110900K",1995.00,28% OFF,In Stock,10,https://uae.microless.com/product/intel-core-i9-10900k-desktop-processor-10-cores-up-to-5-3-ghz-unlocked-lga1200-intel-400-series-chipset-125w-bx8070110900k/
2025-05-18,"Intel® Core™ i7-10700 Processor 10th Gen Intel Processor 8 Cores 16 Threads, 2.90GHz Base, 4.8 GHz Boost, 125W TDP, 16M Cache | BX8070110700",1260.00,11% OFF,In Stock,10,https://uae.microless.com/product/intel-core-i7-10700-processor-10th-gen-intel-processor-8-cores-16-threads-2-90ghz-base-4-8-ghz-boost-125w-tdp-16m-cache-bx8070110700/
2025-05-18,"Intel Core i5-10400, 6-Core 2.9 GHz, LGA 1200 65W, Desktop Processor, Intel UHD Graphics 630 | BX8070110400 / BX8070110400SRH3C",649.83,25% OFF,,,https://uae.microless.com/product/intel-core-i5-10400-6-core-4-3-ghz-lga-1200-65w-desktop-processor-intel-uhd-graphics-630-bx8070110400/
2025-05-18,"Intel Core i7-9700KF Coffee Lake 8-Core 3.6 GHz (4.9 GHz Turbo), LGA 1151, 95W Desktop Processor Without Graphics | BX80684I79700KF",1449.00,22% OFF,In Stock,10,https://uae.microless.com/product/intel-core-i7-9700kf-coffee-lake-8-core-3-6-ghz-4-9-ghz-turbo-lga-1151-95w-desktop-processor-without-graphics-bx80684i79700kf/
2025-05-18,AMD Ryzen 9 3950X 3.5 GHz 16-Core AM4 Processor | 100-100000051WOF,3139.50,8% OFF,In Stock,10,https://uae.microless.com/product/amd-ryzen-9-3950x-3-5-ghz-16-core-am4-processor-100-100000051wof/
2025-05-18,"AMD Ryzen 5 3600 3rd Gen, AM4, Zen 2, 6 Core, 12 Thread, 3.6GHz, 4.2GHz Turbo, 32MB L3, PCIe 4.0, 65W, CPU, with Wraith Stealth Cooler | 100-100000031BOX",298.45,39% OFF,,,https://uae.microless.com/product/amd-ryzen-5-3600-am4-zen-2-6-core-12-thread-3-6ghz-4-2ghz-turbo-32mb-l3-pcie-4-0-65w-cpu-with-wraith-stealth-cooler-100-100000031box/
2025-05-18,"AMD Ryzen 7 3700X 3.6 GHz Eight-Core AM4 Processor (8C/16T, 36MB Cache, 4.4 GHz Max Boost) | 100-100000071BOX",1345.00,12% OFF,In Stock,10,https://uae.microless.com/product/amd-ryzen-7-3700x-am4-zen-2-8-core-16-thread-3-6ghz-4-4ghz-turbo-32mb-l3-pcie-4-0-65w-cpu-with-wraith-prism-100-100000071box/
2025-05-18,Intel Core i7-8700K Coffee Lake 8th Gen 6-Core 3.7 GHz LGA1151 Intel UHD Graphics 630 Desktop Processor | BX80684I78700K (TRAY ONLY),1627.50,,In Stock,10,https://uae.microless.com/product/intel-core-i7-8700k-coffee-lake-8th-gen-6-core-3-7-ghz-lga1151-intel-uhd-graphics-630-desktop-processor-bx80684i78700k-tray-only/
2025-05-18,"Intel Core i9-9900X Skylake X Series  Desktop Processor, 10-Core 20 Thread 3.5 GHz (4.4 GHz Turbo), LGA 2066, 165W, Unlocked, Cooling device not included - Processor Only | BX80673I99900X",2098.32,22% OFF,In Stock,1,https://uae.microless.com/product/intel-core-i9-9900x-skylake-x-series-desktop-processor-10-core-3-5-ghz-4-4-ghz-turbo-lga-2066-165w-unlocked-cooling-device-not-included-processor-only-bx80673i99900x/
2025-05-18,"Intel Core i9-9820X Skylake X Series Desktop Processor, 10-Core, 3.3 GHz (4.1 GHz Turbo), LGA 2066, 165W, Unlocked, Cooling device not included - Processor Only | BX80673I99820X",3984.75,,In Stock,10,https://uae.microless.com/product/intel-core-i9-9820x-skylake-x-10-core-3-3-ghz-4-1-ghz-turbo-lga-2066-165w-unlocked-desktop-processor-bx80673i99820x/
2025-05-18,"Intel Core i5-8500 8th Gen LGA 1151 (6-Core, 9M Cache, 14nm, up to 4.10GHz) Desktop Processor (TRAY VERSION) | BX80684I58500",882.00,,,,https://uae.microless.com/product/intel-core-i5-8500-8th-gen-lga-1151-6-core-9m-cache-14nm-up-to-4-10ghz-desktop-processor-tray-version-bx80684i58500/
2025-05-18,"Intel® Xeon® Processor E5-2630 v4 25M Cache, 2.20 GHz",2599.80,,In Stock,10,https://uae.microless.com/product/intel-xeon-processor-e5-2630-v4-25m-cache-2-20-ghz/
2025-05-18,Intel Core i7-9700K Coffee Lake 8-Core 3.6 GHz (4.9 GHz Turbo) LGA 1151 (300 Series) 95W Desktop Processor Intel UHD Graphics 630 | BX80684I79700K,1470.00,26% OFF,In Stock,10,https://uae.microless.com/product/intel-core-i7-9700k-coffee-lake-8-core-3-6-ghz-4-9-ghz-turbo-lga-1151-300-series-95w-desktop-processor-intel-uhd-graphics-630-bx80684i79700k/
2025-05-18,Intel Core i7-8700K Coffee Lake 8th Gen 6-Core 3.7 GHz LGA1151 Intel UHD Graphics 630 Desktop Processor | BX80684I78700K,1835.40,,In Stock,10,https://uae.microless.com/product/intel-core-i7-8700k-coffee-lake-6-core-3-7-ghz-lga-1151-300-series-95w-desktop-processor-intel-uhd-graphics-630-bx80684i78700k/
2025-05-18,Intel Core i9-7920X X-Series Skylake 12-Core 2.9 GHz LGA2066 Desktop Processor | BX80673I97920X,4252.50,9% OFF,In Stock,10,https://uae.microless.com/product/intel-core-i9-7920x-x-series-processor/
2025-05-18,"Intel® Xeon® Processor E5-2650 v4 30M Cache, 2.20 GHz 12 Core/ 24 Threads",6037.50,,In Stock,10,https://uae.microless.com/product/intel-xeon-processor-e5-2650-v4-30m-cache-2-20-ghz-12-core-24-threads/
2025-05-18,Intel Xeon E5-2620 v2 Six-Core Processor 2.1GHz 7.2GT/s 15MB Cache LGA 2011 - BX80635E52620V2,1993.95,,In Stock,10,https://uae.microless.com/product/intel-xeon-e5-2620-v2-six-core-processor-2-1ghz-7-2gt-s-15mb-lga-2011-cpu-bx80635e52620v2/
